_id,Q1,Q2,Q3,Q4,Q5,R1,R2,R3,R4,R5
R_train001,Tell me about a time you had to work through a disagreement with a coworker.,Describe a project where you went above and beyond what was expected.,Tell me about a time you received critical feedback and what you did with it.,Walk me through a situation where you had to learn something new under time pressure.,Tell me about a time you helped a colleague or teammate succeed.,One example that comes to mind I tried to focus on the outcome we needed rather than the friction. I tried to focus on the outcome we needed rather than the friction. And in the end the project turned out well.,One example that comes to mind the key was being patient and asking the right questions. The key was being patient and asking the right questions. We ended up dividing the work and checking in daily. And i learned a lot from the experience.,A situation I dealt with I had to step back and really think about what mattered most. I worked closely with my team to figure out the best approach. And i think the team came out stronger because of it.,A situation I dealt with I had to step back and really think about what mattered most. And i think the team came out stronger because of it.,There was a time I worked closely with my team to figure out the best approach. And i learned a lot from the experience.
R_train002,Tell me about a time you had to work through a disagreement with a coworker.,Describe a project where you went above and beyond what was expected.,Tell me about a time you received critical feedback and what you did with it.,Walk me through a situation where you had to learn something new under time pressure.,Tell me about a time you helped a colleague or teammate succeed.,During my time at I worked closely with my team to figure out the best approach. I tried to focus on the outcome we needed rather than the friction. And i learned a lot from the experience.,There was a time I had to step back and really think about what mattered most. I tried to focus on the outcome we needed rather than the friction. And we hit the deadline with time to spare.,There was a time I leaned on what I'd learned in school and from previous roles. The key was being patient and asking the right questions. I had to step back and really think about what mattered most. And i learned a lot from the experience.,During my time at I leaned on what I'd learned in school and from previous roles. I worked closely with my team to figure out the best approach. And it shaped how i approach similar problems now.,There was a time I tried to focus on the outcome we needed rather than the friction. And in the end the project turned out well.
R_train003,Tell me about a time you had to work through a disagreement with a coworker.,Describe a project where you went above and beyond what was expected.,Tell me about a time you received critical feedback and what you did with it.,Walk me through a situation where you had to learn something new under time pressure.,Tell me about a time you helped a colleague or teammate succeed.,I remember a project the key was being patient and asking the right questions. And in the end the project turned out well.,There was a time I worked closely with my team to figure out the best approach. I worked closely with my team to figure out the best approach. The key was being patient and asking the right questions. And i think the team came out stronger because of it.,One example that comes to mind I had to step back and really think about what mattered most. I leaned on what i'd learned in school and from previous roles. And in the end the project turned out well.,There was a time I tried to focus on the outcome we needed rather than the friction. I tried to focus on the outcome we needed rather than the friction. I tried to focus on the outcome we needed rather than the friction. And i learned a lot from the experience.,During my time at I tried to focus on the outcome we needed rather than the friction. And it shaped how i approach similar problems now.
R_train004,Tell me about a time you had to work through a disagreement with a coworker.,Describe a project where you went above and beyond what was expected.,Tell me about a time you received critical feedback and what you did with it.,Walk me through a situation where you had to learn something new under time pressure.,Tell me about a time you helped a colleague or teammate succeed.,There was a time we ended up dividing the work and checking in daily. The key was being patient and asking the right questions. I had to step back and really think about what mattered most. And it shaped how i approach similar problems now.,During my time at the key was being patient and asking the right questions. I leaned on what i'd learned in school and from previous roles. And in the end the project turned out well.,There was a time I worked closely with my team to figure out the best approach. We ended up dividing the work and checking in daily. And in the end the project turned out well.,I remember a project I had to step back and really think about what mattered most. I had to step back and really think about what mattered most. And we hit the deadline with time to spare.,A situation I dealt with we ended up dividing the work and checking in daily. And in the end the project turned out well.
R_train005,Tell me about a time you had to work through a disagreement with a coworker.,Describe a project where you went above and beyond what was expected.,Tell me about a time you received critical feedback and what you did with it.,Walk me through a situation where you had to learn something new under time pressure.,Tell me about a time you helped a colleague or teammate succeed.,I remember a project I worked closely with my team to figure out the best approach. And i learned a lot from the experience.,I remember a project the key was being patient and asking the right questions. I tried to focus on the outcome we needed rather than the friction. I had to step back and really think about what mattered most. And i think the team came out stronger because of it.,I remember a project I tried to focus on the outcome we needed rather than the friction. And i learned a lot from the experience.,I remember a project I leaned on what I'd learned in school and from previous roles. And i think the team came out stronger because of it.,A situation I dealt with I tried to focus on the outcome we needed rather than the friction. And i learned a lot from the experience.
R_train006,Tell me about a time you had to work through a disagreement with a coworker.,Describe a project where you went above and beyond what was expected.,Tell me about a time you received critical feedback and what you did with it.,Walk me through a situation where you had to learn something new under time pressure.,Tell me about a time you helped a colleague or teammate succeed.,A situation I dealt with I had to step back and really think about what mattered most. And i learned a lot from the experience.,One example that comes to mind I leaned on what I'd learned in school and from previous roles. And i think the team came out stronger because of it.,During my time at I tried to focus on the outcome we needed rather than the friction. The key was being patient and asking the right questions. And it shaped how i approach similar problems now.,I remember a project the key was being patient and asking the right questions. And it shaped how i approach similar problems now.,I remember a project I tried to focus on the outcome we needed rather than the friction. And i think the team came out stronger because of it.
R_train007,Tell me about a time you had to work through a disagreement with a coworker.,Describe a project where you went above and beyond what was expected.,Tell me about a time you received critical feedback and what you did with it.,Walk me through a situation where you had to learn something new under time pressure.,Tell me about a time you helped a colleague or teammate succeed.,A situation I dealt with I had to step back and really think about what mattered most. I tried to focus on the outcome we needed rather than the friction. And we hit the deadline with time to spare.,A situation I dealt with I worked closely with my team to figure out the best approach. I had to step back and really think about what mattered most. And we hit the deadline with time to spare.,During my time at I tried to focus on the outcome we needed rather than the friction. And we hit the deadline with time to spare.,A situation I dealt with we ended up dividing the work and checking in daily. The key was being patient and asking the right questions. And i learned a lot from the experience.,There was a time I leaned on what I'd learned in school and from previous roles. And i think the team came out stronger because of it.
R_train008,Tell me about a time you had to work through a disagreement with a coworker.,Describe a project where you went above and beyond what was expected.,Tell me about a time you received critical feedback and what you did with it.,Walk me through a situation where you had to learn something new under time pressure.,Tell me about a time you helped a colleague or teammate succeed.,During my time at I tried to focus on the outcome we needed rather than the friction. We ended up dividing the work and checking in daily. And it shaped how i approach similar problems now.,One example that comes to mind we ended up dividing the work and checking in daily. We ended up dividing the work and checking in daily. And i learned a lot from the experience.,A situation I dealt with I had to step back and really think about what mattered most. The key was being patient and asking the right questions. We ended up dividing the work and checking in daily. And in the end the project turned out well.,One example that comes to mind I tried to focus on the outcome we needed rather than the friction. I leaned on what i'd learned in school and from previous roles. I tried to focus on the outcome we needed rather than the friction. And in the end the project turned out well.,I remember a project I worked closely with my team to figure out the best approach. And it shaped how i approach similar problems now.
R_train009,Tell me about a time you had to work through a disagreement with a coworker.,Describe a project where you went above and beyond what was expected.,Tell me about a time you received critical feedback and what you did with it.,Walk me through a situation where you had to learn something new under time pressure.,Tell me about a time you helped a colleague or teammate succeed.,I remember a project I had to step back and really think about what mattered most. I had to step back and really think about what mattered most. We ended up dividing the work and checking in daily. And i learned a lot from the experience.,I remember a project we ended up dividing the work and checking in daily. The key was being patient and asking the right questions. I tried to focus on the outcome we needed rather than the friction. And i learned a lot from the experience.,There was a time I tried to focus on the outcome we needed rather than the friction. I tried to focus on the outcome we needed rather than the friction. And in the end the project turned out well.,One example that comes to mind I worked closely with my team to figure out the best approach. We ended up dividing the work and checking in daily. I worked closely with my team to figure out the best approach. And i think the team came out stronger because of it.,A situation I dealt with I had to step back and really think about what mattered most. And it shaped how i approach similar problems now.
R_train010,Tell me about a time you had to work through a disagreement with a coworker.,Describe a project where you went above and beyond what was expected.,Tell me about a time you received critical feedback and what you did with it.,Walk me through a situation where you had to learn something new under time pressure.,Tell me about a time you helped a colleague or teammate succeed.,I remember a project I leaned on what I'd learned in school and from previous roles. The key was being patient and asking the right questions. I had to step back and really think about what mattered most. And it shaped how i approach similar problems now.,I remember a project the key was being patient and asking the right questions. I had to step back and really think about what mattered most. The key was being patient and asking the right questions. And in the end the project turned out well.,One example that comes to mind I worked closely with my team to figure out the best approach. And we hit the deadline with time to spare.,There was a time I tried to focus on the outcome we needed rather than the friction. And in the end the project turned out well.,I remember a project the key was being patient and asking the right questions. And i learned a lot from the experience.
R_train011,Tell me about a time you had to work through a disagreement with a coworker.,Describe a project where you went above and beyond what was expected.,Tell me about a time you received critical feedback and what you did with it.,Walk me through a situation where you had to learn something new under time pressure.,Tell me about a time you helped a colleague or teammate succeed.,One example that comes to mind I tried to focus on the outcome we needed rather than the friction. I tried to focus on the outcome we needed rather than the friction. And it shaped how i approach similar problems now.,During my time at I leaned on what I'd learned in school and from previous roles. I tried to focus on the outcome we needed rather than the friction. We ended up dividing the work and checking in daily. And we hit the deadline with time to spare.,I remember a project I tried to focus on the outcome we needed rather than the friction. I leaned on what i'd learned in school and from previous roles. And we hit the deadline with time to spare.,A situation I dealt with the key was being patient and asking the right questions. I worked closely with my team to figure out the best approach. And we hit the deadline with time to spare.,One example that comes to mind we ended up dividing the work and checking in daily. And i learned a lot from the experience.
R_train012,Tell me about a time you had to work through a disagreement with a coworker.,Describe a project where you went above and beyond what was expected.,Tell me about a time you received critical feedback and what you did with it.,Walk me through a situation where you had to learn something new under time pressure.,Tell me about a time you helped a colleague or teammate succeed.,There was a time I had to step back and really think about what mattered most. I tried to focus on the outcome we needed rather than the friction. We ended up dividing the work and checking in daily. And i learned a lot from the experience.,I remember a project I worked closely with my team to figure out the best approach. We ended up dividing the work and checking in daily. And we hit the deadline with time to spare.,During my time at I leaned on what I'd learned in school and from previous roles. I leaned on what i'd learned in school and from previous roles. I worked closely with my team to figure out the best approach. And i think the team came out stronger because of it.,During my time at the key was being patient and asking the right questions. And i learned a lot from the experience.,A situation I dealt with I leaned on what I'd learned in school and from previous roles. And in the end the project turned out well.
R_train013,Tell me about a time you had to work through a disagreement with a coworker.,Describe a project where you went above and beyond what was expected.,Tell me about a time you received critical feedback and what you did with it.,Walk me through a situation where you had to learn something new under time pressure.,Tell me about a time you helped a colleague or teammate succeed.,During my time at I leaned on what I'd learned in school and from previous roles. And we hit the deadline with time to spare.,There was a time the key was being patient and asking the right questions. And we hit the deadline with time to spare.,During my time at I had to step back and really think about what mattered most. We ended up dividing the work and checking in daily. And we hit the deadline with time to spare.,I remember a project the key was being patient and asking the right questions. And i learned a lot from the experience.,During my time at the key was being patient and asking the right questions. And it shaped how i approach similar problems now.
R_train014,Tell me about a time you had to work through a disagreement with a coworker.,Describe a project where you went above and beyond what was expected.,Tell me about a time you received critical feedback and what you did with it.,Walk me through a situation where you had to learn something new under time pressure.,Tell me about a time you helped a colleague or teammate succeed.,I remember a project I leaned on what I'd learned in school and from previous roles. And in the end the project turned out well.,I remember a project I leaned on what I'd learned in school and from previous roles. We ended up dividing the work and checking in daily. And i think the team came out stronger because of it.,A situation I dealt with I leaned on what I'd learned in school and from previous roles. And we hit the deadline with time to spare.,One example that comes to mind we ended up dividing the work and checking in daily. We ended up dividing the work and checking in daily. And i learned a lot from the experience.,During my time at I leaned on what I'd learned in school and from previous roles. And i think the team came out stronger because of it.
R_train015,Tell me about a time you had to work through a disagreement with a coworker.,Describe a project where you went above and beyond what was expected.,Tell me about a time you received critical feedback and what you did with it.,Walk me through a situation where you had to learn something new under time pressure.,Tell me about a time you helped a colleague or teammate succeed.,A situation I dealt with I tried to focus on the outcome we needed rather than the friction. The key was being patient and asking the right questions. And we hit the deadline with time to spare.,A situation I dealt with we ended up dividing the work and checking in daily. I tried to focus on the outcome we needed rather than the friction. I had to step back and really think about what mattered most. And in the end the project turned out well.,I remember a project I had to step back and really think about what mattered most. I worked closely with my team to figure out the best approach. And in the end the project turned out well.,I remember a project I worked closely with my team to figure out the best approach. We ended up dividing the work and checking in daily. And we hit the deadline with time to spare.,During my time at I worked closely with my team to figure out the best approach. And it shaped how i approach similar problems now.
R_train016,Tell me about a time you had to work through a disagreement with a coworker.,Describe a project where you went above and beyond what was expected.,Tell me about a time you received critical feedback and what you did with it.,Walk me through a situation where you had to learn something new under time pressure.,Tell me about a time you helped a colleague or teammate succeed.,I remember a project I had to step back and really think about what mattered most. I worked closely with my team to figure out the best approach. And it shaped how i approach similar problems now.,During my time at I worked closely with my team to figure out the best approach. And it shaped how i approach similar problems now.,During my time at we ended up dividing the work and checking in daily. And it shaped how i approach similar problems now.,A situation I dealt with we ended up dividing the work and checking in daily. And it shaped how i approach similar problems now.,I remember a project I had to step back and really think about what mattered most. And we hit the deadline with time to spare.
R_train017,Tell me about a time you had to work through a disagreement with a coworker.,Describe a project where you went above and beyond what was expected.,Tell me about a time you received critical feedback and what you did with it.,Walk me through a situation where you had to learn something new under time pressure.,Tell me about a time you helped a colleague or teammate succeed.,There was a time the key was being patient and asking the right questions. And we hit the deadline with time to spare.,I remember a project we ended up dividing the work and checking in daily. And in the end the project turned out well.,One example that comes to mind the key was being patient and asking the right questions. The key was being patient and asking the right questions. I had to step back and really think about what mattered most. And we hit the deadline with time to spare.,One example that comes to mind the key was being patient and asking the right questions. I had to step back and really think about what mattered most. I tried to focus on the outcome we needed rather than the friction. And it shaped how i approach similar problems now.,I remember a project I leaned on what I'd learned in school and from previous roles. And we hit the deadline with time to spare.
R_train018,Tell me about a time you had to work through a disagreement with a coworker.,Describe a project where you went above and beyond what was expected.,Tell me about a time you received critical feedback and what you did with it.,Walk me through a situation where you had to learn something new under time pressure.,Tell me about a time you helped a colleague or teammate succeed.,There was a time I worked closely with my team to figure out the best approach. I had to step back and really think about what mattered most. I worked closely with my team to figure out the best approach. And i think the team came out stronger because of it.,During my time at I worked closely with my team to figure out the best approach. I had to step back and really think about what mattered most. And i learned a lot from the experience.,There was a time we ended up dividing the work and checking in daily. We ended up dividing the work and checking in daily. I leaned on what i'd learned in school and from previous roles. And i learned a lot from the experience.,During my time at I leaned on what I'd learned in school and from previous roles. And i think the team came out stronger because of it.,During my time at we ended up dividing the work and checking in daily. And i learned a lot from the experience.
R_train019,Tell me about a time you had to work through a disagreement with a coworker.,Describe a project where you went above and beyond what was expected.,Tell me about a time you received critical feedback and what you did with it.,Walk me through a situation where you had to learn something new under time pressure.,Tell me about a time you helped a colleague or teammate succeed.,A situation I dealt with we ended up dividing the work and checking in daily. I had to step back and really think about what mattered most. And i think the team came out stronger because of it.,During my time at I leaned on what I'd learned in school and from previous roles. I tried to focus on the outcome we needed rather than the friction. I worked closely with my team to figure out the best approach. And i learned a lot from the experience.,I remember a project the key was being patient and asking the right questions. I worked closely with my team to figure out the best approach. And i think the team came out stronger because of it.,I remember a project I had to step back and really think about what mattered most. I tried to focus on the outcome we needed rather than the friction. And i learned a lot from the experience.,A situation I dealt with the key was being patient and asking the right questions. And we hit the deadline with time to spare.
R_train020,Tell me about a time you had to work through a disagreement with a coworker.,Describe a project where you went above and beyond what was expected.,Tell me about a time you received critical feedback and what you did with it.,Walk me through a situation where you had to learn something new under time pressure.,Tell me about a time you helped a colleague or teammate succeed.,During my time at I worked closely with my team to figure out the best approach. I leaned on what i'd learned in school and from previous roles. I leaned on what i'd learned in school and from previous roles. And in the end the project turned out well.,There was a time I had to step back and really think about what mattered most. And in the end the project turned out well.,There was a time I tried to focus on the outcome we needed rather than the friction. And in the end the project turned out well.,During my time at I had to step back and really think about what mattered most. And i think the team came out stronger because of it.,I remember a project I leaned on what I'd learned in school and from previous roles. And in the end the project turned out well.
R_train021,Tell me about a time you had to work through a disagreement with a coworker.,Describe a project where you went above and beyond what was expected.,Tell me about a time you received critical feedback and what you did with it.,Walk me through a situation where you had to learn something new under time pressure.,Tell me about a time you helped a colleague or teammate succeed.,I remember a project we ended up dividing the work and checking in daily. And i think the team came out stronger because of it.,I remember a project we ended up dividing the work and checking in daily. I leaned on what i'd learned in school and from previous roles. And i think the team came out stronger because of it.,A situation I dealt with the key was being patient and asking the right questions. The key was being patient and asking the right questions. I had to step back and really think about what mattered most. And i think the team came out stronger because of it.,One example that comes to mind I leaned on what I'd learned in school and from previous roles. And we hit the deadline with time to spare.,During my time at I had to step back and really think about what mattered most. And we hit the deadline with time to spare.
R_train022,Tell me about a time you had to work through a disagreement with a coworker.,Describe a project where you went above and beyond what was expected.,Tell me about a time you received critical feedback and what you did with it.,Walk me through a situation where you had to learn something new under time pressure.,Tell me about a time you helped a colleague or teammate succeed.,During my time at I leaned on what I'd learned in school and from previous roles. I tried to focus on the outcome we needed rather than the friction. The key was being patient and asking the right questions. And we hit the deadline with time to spare.,One example that comes to mind I had to step back and really think about what mattered most. And in the end the project turned out well.,There was a time I worked closely with my team to figure out the best approach. I had to step back and really think about what mattered most. And in the end the project turned out well.,I remember a project the key was being patient and asking the right questions. And i learned a lot from the experience.,During my time at I tried to focus on the outcome we needed rather than the friction. And it shaped how i approach similar problems now.
R_train023,Tell me about a time you had to work through a disagreement with a coworker.,Describe a project where you went above and beyond what was expected.,Tell me about a time you received critical feedback and what you did with it.,Walk me through a situation where you had to learn something new under time pressure.,Tell me about a time you helped a colleague or teammate succeed.,A situation I dealt with I had to step back and really think about what mattered most. We ended up dividing the work and checking in daily. I had to step back and really think about what mattered most. And i learned a lot from the experience.,One example that comes to mind I had to step back and really think about what mattered most. I worked closely with my team to figure out the best approach. We ended up dividing the work and checking in daily. And in the end the project turned out well.,One example that comes to mind we ended up dividing the work and checking in daily. I leaned on what i'd learned in school and from previous roles. The key was being patient and asking the right questions. And i learned a lot from the experience.,One example that comes to mind the key was being patient and asking the right questions. And it shaped how i approach similar problems now.,I remember a project I leaned on what I'd learned in school and from previous roles. And i think the team came out stronger because of it.
R_train024,Tell me about a time you had to work through a disagreement with a coworker.,Describe a project where you went above and beyond what was expected.,Tell me about a time you received critical feedback and what you did with it.,Walk me through a situation where you had to learn something new under time pressure.,Tell me about a time you helped a colleague or teammate succeed.,One example that comes to mind I tried to focus on the outcome we needed rather than the friction. I leaned on what i'd learned in school and from previous roles. The key was being patient and asking the right questions. And i think the team came out stronger because of it.,One example that comes to mind we ended up dividing the work and checking in daily. I tried to focus on the outcome we needed rather than the friction. And it shaped how i approach similar problems now.,A situation I dealt with I leaned on what I'd learned in school and from previous roles. And in the end the project turned out well.,I remember a project I tried to focus on the outcome we needed rather than the friction. I tried to focus on the outcome we needed rather than the friction. And i think the team came out stronger because of it.,I remember a project I leaned on what I'd learned in school and from previous roles. And it shaped how i approach similar problems now.
R_train025,Tell me about a time you had to work through a disagreement with a coworker.,Describe a project where you went above and beyond what was expected.,Tell me about a time you received critical feedback and what you did with it.,Walk me through a situation where you had to learn something new under time pressure.,Tell me about a time you helped a colleague or teammate succeed.,I remember a project the key was being patient and asking the right questions. And it shaped how i approach similar problems now.,During my time at I tried to focus on the outcome we needed rather than the friction. The key was being patient and asking the right questions. And we hit the deadline with time to spare.,I remember a project I tried to focus on the outcome we needed rather than the friction. I leaned on what i'd learned in school and from previous roles. We ended up dividing the work and checking in daily. And i think the team came out stronger because of it.,During my time at the key was being patient and asking the right questions. And in the end the project turned out well.,There was a time we ended up dividing the work and checking in daily. And we hit the deadline with time to spare.
R_train026,Tell me about a time you had to work through a disagreement with a coworker.,Describe a project where you went above and beyond what was expected.,Tell me about a time you received critical feedback and what you did with it.,Walk me through a situation where you had to learn something new under time pressure.,Tell me about a time you helped a colleague or teammate succeed.,One example that comes to mind we ended up dividing the work and checking in daily. I worked closely with my team to figure out the best approach. I leaned on what i'd learned in school and from previous roles. And i think the team came out stronger because of it.,There was a time I tried to focus on the outcome we needed rather than the friction. The key was being patient and asking the right questions. I worked closely with my team to figure out the best approach. And i think the team came out stronger because of it.,I remember a project we ended up dividing the work and checking in daily. I tried to focus on the outcome we needed rather than the friction. I worked closely with my team to figure out the best approach. And in the end the project turned out well.,There was a time I leaned on what I'd learned in school and from previous roles. I had to step back and really think about what mattered most. And in the end the project turned out well.,During my time at I had to step back and really think about what mattered most. And it shaped how i approach similar problems now.
R_train027,Tell me about a time you had to work through a disagreement with a coworker.,Describe a project where you went above and beyond what was expected.,Tell me about a time you received critical feedback and what you did with it.,Walk me through a situation where you had to learn something new under time pressure.,Tell me about a time you helped a colleague or teammate succeed.,A situation I dealt with I leaned on what I'd learned in school and from previous roles. I worked closely with my team to figure out the best approach. And we hit the deadline with time to spare.,One example that comes to mind we ended up dividing the work and checking in daily. And i learned a lot from the experience.,I remember a project I leaned on what I'd learned in school and from previous roles. I tried to focus on the outcome we needed rather than the friction. And i learned a lot from the experience.,There was a time the key was being patient and asking the right questions. The key was being patient and asking the right questions. I tried to focus on the outcome we needed rather than the friction. And in the end the project turned out well.,One example that comes to mind the key was being patient and asking the right questions. And we hit the deadline with time to spare.
R_train028,Tell me about a time you had to work through a disagreement with a coworker.,Describe a project where you went above and beyond what was expected.,Tell me about a time you received critical feedback and what you did with it.,Walk me through a situation where you had to learn something new under time pressure.,Tell me about a time you helped a colleague or teammate succeed.,One example that comes to mind I had to step back and really think about what mattered most. I tried to focus on the outcome we needed rather than the friction. And in the end the project turned out well.,During my time at we ended up dividing the work and checking in daily. I had to step back and really think about what mattered most. And it shaped how i approach similar problems now.,A situation I dealt with I tried to focus on the outcome we needed rather than the friction. I had to step back and really think about what mattered most. I worked closely with my team to figure out the best approach. And in the end the project turned out well.,A situation I dealt with I worked closely with my team to figure out the best approach. I tried to focus on the outcome we needed rather than the friction. And i think the team came out stronger because of it.,There was a time we ended up dividing the work and checking in daily. And it shaped how i approach similar problems now.
R_train029,Tell me about a time you had to work through a disagreement with a coworker.,Describe a project where you went above and beyond what was expected.,Tell me about a time you received critical feedback and what you did with it.,Walk me through a situation where you had to learn something new under time pressure.,Tell me about a time you helped a colleague or teammate succeed.,A situation I dealt with I leaned on what I'd learned in school and from previous roles. I worked closely with my team to figure out the best approach. And i learned a lot from the experience.,One example that comes to mind I had to step back and really think about what mattered most. We ended up dividing the work and checking in daily. And it shaped how i approach similar problems now.,A situation I dealt with I worked closely with my team to figure out the best approach. We ended up dividing the work and checking in daily. And i think the team came out stronger because of it.,One example that comes to mind I worked closely with my team to figure out the best approach. I tried to focus on the outcome we needed rather than the friction. We ended up dividing the work and checking in daily. And i learned a lot from the experience.,A situation I dealt with we ended up dividing the work and checking in daily. And in the end the project turned out well.
R_train030,Tell me about a time you had to work through a disagreement with a coworker.,Describe a project where you went above and beyond what was expected.,Tell me about a time you received critical feedback and what you did with it.,Walk me through a situation where you had to learn something new under time pressure.,Tell me about a time you helped a colleague or teammate succeed.,A situation I dealt with I had to step back and really think about what mattered most. And in the end the project turned out well.,A situation I dealt with the key was being patient and asking the right questions. The key was being patient and asking the right questions. And i think the team came out stronger because of it.,A situation I dealt with I leaned on what I'd learned in school and from previous roles. The key was being patient and asking the right questions. I leaned on what i'd learned in school and from previous roles. And it shaped how i approach similar problems now.,There was a time I had to step back and really think about what mattered most. I had to step back and really think about what mattered most. I tried to focus on the outcome we needed rather than the friction. And it shaped how i approach similar problems now.,During my time at I worked closely with my team to figure out the best approach. And i learned a lot from the experience.
R_train031,Tell me about a time you had to work through a disagreement with a coworker.,Describe a project where you went above and beyond what was expected.,Tell me about a time you received critical feedback and what you did with it.,Walk me through a situation where you had to learn something new under time pressure.,Tell me about a time you helped a colleague or teammate succeed.,During my time at I worked closely with my team to figure out the best approach. And i learned a lot from the experience.,A situation I dealt with I tried to focus on the outcome we needed rather than the friction. And we hit the deadline with time to spare.,I remember a project we ended up dividing the work and checking in daily. The key was being patient and asking the right questions. I worked closely with my team to figure out the best approach. And i think the team came out stronger because of it.,There was a time I tried to focus on the outcome we needed rather than the friction. And i learned a lot from the experience.,There was a time we ended up dividing the work and checking in daily. And i think the team came out stronger because of it.
R_train032,Tell me about a time you had to work through a disagreement with a coworker.,Describe a project where you went above and beyond what was expected.,Tell me about a time you received critical feedback and what you did with it.,Walk me through a situation where you had to learn something new under time pressure.,Tell me about a time you helped a colleague or teammate succeed.,During my time at I worked closely with my team to figure out the best approach. And i think the team came out stronger because of it.,I remember a project I had to step back and really think about what mattered most. We ended up dividing the work and checking in daily. I worked closely with my team to figure out the best approach. And it shaped how i approach similar problems now.,During my time at I leaned on what I'd learned in school and from previous roles. I leaned on what i'd learned in school and from previous roles. The key was being patient and asking the right questions. And we hit the deadline with time to spare.,I remember a project the key was being patient and asking the right questions. I worked closely with my team to figure out the best approach. And we hit the deadline with time to spare.,During my time at the key was being patient and asking the right questions. And we hit the deadline with time to spare.
R_train033,Tell me about a time you had to work through a disagreement with a coworker.,Describe a project where you went above and beyond what was expected.,Tell me about a time you received critical feedback and what you did with it.,Walk me through a situation where you had to learn something new under time pressure.,Tell me about a time you helped a colleague or teammate succeed.,A situation I dealt with I leaned on what I'd learned in school and from previous roles. We ended up dividing the work and checking in daily. And i learned a lot from the experience.,One example that comes to mind I worked closely with my team to figure out the best approach. I leaned on what i'd learned in school and from previous roles. The key was being patient and asking the right questions. And in the end the project turned out well.,I remember a project I worked closely with my team to figure out the best approach. I had to step back and really think about what mattered most. And i learned a lot from the experience.,There was a time I leaned on what I'd learned in school and from previous roles. The key was being patient and asking the right questions. And i learned a lot from the experience.,During my time at I worked closely with my team to figure out the best approach. And we hit the deadline with time to spare.
R_train034,Tell me about a time you had to work through a disagreement with a coworker.,Describe a project where you went above and beyond what was expected.,Tell me about a time you received critical feedback and what you did with it.,Walk me through a situation where you had to learn something new under time pressure.,Tell me about a time you helped a colleague or teammate succeed.,One example that comes to mind I had to step back and really think about what mattered most. I tried to focus on the outcome we needed rather than the friction. And we hit the deadline with time to spare.,One example that comes to mind I leaned on what I'd learned in school and from previous roles. And it shaped how i approach similar problems now.,There was a time we ended up dividing the work and checking in daily. I had to step back and really think about what mattered most. I worked closely with my team to figure out the best approach. And i learned a lot from the experience.,There was a time I leaned on what I'd learned in school and from previous roles. And we hit the deadline with time to spare.,A situation I dealt with I worked closely with my team to figure out the best approach. And we hit the deadline with time to spare.
R_train035,Tell me about a time you had to work through a disagreement with a coworker.,Describe a project where you went above and beyond what was expected.,Tell me about a time you received critical feedback and what you did with it.,Walk me through a situation where you had to learn something new under time pressure.,Tell me about a time you helped a colleague or teammate succeed.,During my time at I worked closely with my team to figure out the best approach. We ended up dividing the work and checking in daily. The key was being patient and asking the right questions. And we hit the deadline with time to spare.,One example that comes to mind I tried to focus on the outcome we needed rather than the friction. I tried to focus on the outcome we needed rather than the friction. I leaned on what i'd learned in school and from previous roles. And we hit the deadline with time to spare.,There was a time I tried to focus on the outcome we needed rather than the friction. And it shaped how i approach similar problems now.,One example that comes to mind I leaned on what I'd learned in school and from previous roles. We ended up dividing the work and checking in daily. And it shaped how i approach similar problems now.,I remember a project I tried to focus on the outcome we needed rather than the friction. And in the end the project turned out well.
R_train036,Tell me about a time you had to work through a disagreement with a coworker.,Describe a project where you went above and beyond what was expected.,Tell me about a time you received critical feedback and what you did with it.,Walk me through a situation where you had to learn something new under time pressure.,Tell me about a time you helped a colleague or teammate succeed.,There was a time the key was being patient and asking the right questions. And i learned a lot from the experience.,I remember a project we ended up dividing the work and checking in daily. And i think the team came out stronger because of it.,A situation I dealt with I leaned on what I'd learned in school and from previous roles. And we hit the deadline with time to spare.,A situation I dealt with we ended up dividing the work and checking in daily. We ended up dividing the work and checking in daily. And it shaped how i approach similar problems now.,There was a time we ended up dividing the work and checking in daily. And i learned a lot from the experience.
R_train037,Tell me about a time you had to work through a disagreement with a coworker.,Describe a project where you went above and beyond what was expected.,Tell me about a time you received critical feedback and what you did with it.,Walk me through a situation where you had to learn something new under time pressure.,Tell me about a time you helped a colleague or teammate succeed.,During my time at I leaned on what I'd learned in school and from previous roles. I worked closely with my team to figure out the best approach. And it shaped how i approach similar problems now.,One example that comes to mind I leaned on what I'd learned in school and from previous roles. And we hit the deadline with time to spare.,One example that comes to mind I had to step back and really think about what mattered most. The key was being patient and asking the right questions. The key was being patient and asking the right questions. And it shaped how i approach similar problems now.,During my time at I tried to focus on the outcome we needed rather than the friction. We ended up dividing the work and checking in daily. We ended up dividing the work and checking in daily. And i learned a lot from the experience.,I remember a project I worked closely with my team to figure out the best approach. And it shaped how i approach similar problems now.
R_train038,Tell me about a time you had to work through a disagreement with a coworker.,Describe a project where you went above and beyond what was expected.,Tell me about a time you received critical feedback and what you did with it.,Walk me through a situation where you had to learn something new under time pressure.,Tell me about a time you helped a colleague or teammate succeed.,One example that comes to mind I worked closely with my team to figure out the best approach. We ended up dividing the work and checking in daily. And it shaped how i approach similar problems now.,During my time at I had to step back and really think about what mattered most. And in the end the project turned out well.,One example that comes to mind I leaned on what I'd learned in school and from previous roles. And it shaped how i approach similar problems now.,One example that comes to mind I tried to focus on the outcome we needed rather than the friction. I tried to focus on the outcome we needed rather than the friction. I leaned on what i'd learned in school and from previous roles. And in the end the project turned out well.,A situation I dealt with the key was being patient and asking the right questions. And i think the team came out stronger because of it.
R_train039,Tell me about a time you had to work through a disagreement with a coworker.,Describe a project where you went above and beyond what was expected.,Tell me about a time you received critical feedback and what you did with it.,Walk me through a situation where you had to learn something new under time pressure.,Tell me about a time you helped a colleague or teammate succeed.,There was a time the key was being patient and asking the right questions. I had to step back and really think about what mattered most. And i learned a lot from the experience.,A situation I dealt with the key was being patient and asking the right questions. I worked closely with my team to figure out the best approach. And we hit the deadline with time to spare.,There was a time the key was being patient and asking the right questions. We ended up dividing the work and checking in daily. I had to step back and really think about what mattered most. And we hit the deadline with time to spare.,There was a time I tried to focus on the outcome we needed rather than the friction. The key was being patient and asking the right questions. And i think the team came out stronger because of it.,A situation I dealt with we ended up dividing the work and checking in daily. And in the end the project turned out well.
R_train040,Tell me about a time you had to work through a disagreement with a coworker.,Describe a project where you went above and beyond what was expected.,Tell me about a time you received critical feedback and what you did with it.,Walk me through a situation where you had to learn something new under time pressure.,Tell me about a time you helped a colleague or teammate succeed.,I remember a project I tried to focus on the outcome we needed rather than the friction. The key was being patient and asking the right questions. I worked closely with my team to figure out the best approach. And it shaped how i approach similar problems now.,During my time at we ended up dividing the work and checking in daily. And i think the team came out stronger because of it.,A situation I dealt with I tried to focus on the outcome we needed rather than the friction. We ended up dividing the work and checking in daily. And it shaped how i approach similar problems now.,During my time at I leaned on what I'd learned in school and from previous roles. And we hit the deadline with time to spare.,There was a time we ended up dividing the work and checking in daily. And in the end the project turned out well.
R_train041,Tell me about a time you had to work through a disagreement with a coworker.,Describe a project where you went above and beyond what was expected.,Tell me about a time you received critical feedback and what you did with it.,Walk me through a situation where you had to learn something new under time pressure.,Tell me about a time you helped a colleague or teammate succeed.,A situation I dealt with the key was being patient and asking the right questions. And i learned a lot from the experience.,During my time at the key was being patient and asking the right questions. I tried to focus on the outcome we needed rather than the friction. And in the end the project turned out well.,During my time at I worked closely with my team to figure out the best approach. And in the end the project turned out well.,During my time at the key was being patient and asking the right questions. And we hit the deadline with time to spare.,I remember a project I leaned on what I'd learned in school and from previous roles. And i learned a lot from the experience.
R_train042,Tell me about a time you had to work through a disagreement with a coworker.,Describe a project where you went above and beyond what was expected.,Tell me about a time you received critical feedback and what you did with it.,Walk me through a situation where you had to learn something new under time pressure.,Tell me about a time you helped a colleague or teammate succeed.,One example that comes to mind I had to step back and really think about what mattered most. And in the end the project turned out well.,I remember a project I leaned on what I'd learned in school and from previous roles. I leaned on what i'd learned in school and from previous roles. And in the end the project turned out well.,One example that comes to mind I tried to focus on the outcome we needed rather than the friction. And we hit the deadline with time to spare.,I remember a project I leaned on what I'd learned in school and from previous roles. We ended up dividing the work and checking in daily. And in the end the project turned out well.,There was a time I tried to focus on the outcome we needed rather than the friction. And i think the team came out stronger because of it.
R_train043,Tell me about a time you had to work through a disagreement with a coworker.,Describe a project where you went above and beyond what was expected.,Tell me about a time you received critical feedback and what you did with it.,Walk me through a situation where you had to learn something new under time pressure.,Tell me about a time you helped a colleague or teammate succeed.,A situation I dealt with the key was being patient and asking the right questions. And i think the team came out stronger because of it.,There was a time I tried to focus on the outcome we needed rather than the friction. We ended up dividing the work and checking in daily. And it shaped how i approach similar problems now.,There was a time I tried to focus on the outcome we needed rather than the friction. The key was being patient and asking the right questions. And i learned a lot from the experience.,I remember a project I had to step back and really think about what mattered most. And it shaped how i approach similar problems now.,One example that comes to mind I had to step back and really think about what mattered most. And i learned a lot from the experience.
R_train044,Tell me about a time you had to work through a disagreement with a coworker.,Describe a project where you went above and beyond what was expected.,Tell me about a time you received critical feedback and what you did with it.,Walk me through a situation where you had to learn something new under time pressure.,Tell me about a time you helped a colleague or teammate succeed.,There was a time I worked closely with my team to figure out the best approach. I tried to focus on the outcome we needed rather than the friction. The key was being patient and asking the right questions. And we hit the deadline with time to spare.,There was a time the key was being patient and asking the right questions. And we hit the deadline with time to spare.,I remember a project the key was being patient and asking the right questions. I leaned on what i'd learned in school and from previous roles. And it shaped how i approach similar problems now.,There was a time I leaned on what I'd learned in school and from previous roles. We ended up dividing the work and checking in daily. I tried to focus on the outcome we needed rather than the friction. And we hit the deadline with time to spare.,There was a time the key was being patient and asking the right questions. And we hit the deadline with time to spare.
R_train045,Tell me about a time you had to work through a disagreement with a coworker.,Describe a project where you went above and beyond what was expected.,Tell me about a time you received critical feedback and what you did with it.,Walk me through a situation where you had to learn something new under time pressure.,Tell me about a time you helped a colleague or teammate succeed.,There was a time the key was being patient and asking the right questions. And i learned a lot from the experience.,There was a time I worked closely with my team to figure out the best approach. And i think the team came out stronger because of it.,A situation I dealt with I worked closely with my team to figure out the best approach. And we hit the deadline with time to spare.,During my time at we ended up dividing the work and checking in daily. And we hit the deadline with time to spare.,A situation I dealt with the key was being patient and asking the right questions. And i think the team came out stronger because of it.
R_train046,Tell me about a time you had to work through a disagreement with a coworker.,Describe a project where you went above and beyond what was expected.,Tell me about a time you received critical feedback and what you did with it.,Walk me through a situation where you had to learn something new under time pressure.,Tell me about a time you helped a colleague or teammate succeed.,I remember a project I tried to focus on the outcome we needed rather than the friction. And in the end the project turned out well.,One example that comes to mind the key was being patient and asking the right questions. I had to step back and really think about what mattered most. The key was being patient and asking the right questions. And i think the team came out stronger because of it.,A situation I dealt with I leaned on what I'd learned in school and from previous roles. I had to step back and really think about what mattered most. And we hit the deadline with time to spare.,A situation I dealt with I tried to focus on the outcome we needed rather than the friction. And i learned a lot from the experience.,During my time at we ended up dividing the work and checking in daily. And i learned a lot from the experience.
R_train047,Tell me about a time you had to work through a disagreement with a coworker.,Describe a project where you went above and beyond what was expected.,Tell me about a time you received critical feedback and what you did with it.,Walk me through a situation where you had to learn something new under time pressure.,Tell me about a time you helped a colleague or teammate succeed.,A situation I dealt with I worked closely with my team to figure out the best approach. I tried to focus on the outcome we needed rather than the friction. The key was being patient and asking the right questions. And i think the team came out stronger because of it.,I remember a project I tried to focus on the outcome we needed rather than the friction. We ended up dividing the work and checking in daily. And in the end the project turned out well.,During my time at I worked closely with my team to figure out the best approach. And i learned a lot from the experience.,There was a time I worked closely with my team to figure out the best approach. I had to step back and really think about what mattered most. I leaned on what i'd learned in school and from previous roles. And it shaped how i approach similar problems now.,There was a time I had to step back and really think about what mattered most. And in the end the project turned out well.
R_train048,Tell me about a time you had to work through a disagreement with a coworker.,Describe a project where you went above and beyond what was expected.,Tell me about a time you received critical feedback and what you did with it.,Walk me through a situation where you had to learn something new under time pressure.,Tell me about a time you helped a colleague or teammate succeed.,During my time at I had to step back and really think about what mattered most. And in the end the project turned out well.,One example that comes to mind we ended up dividing the work and checking in daily. I tried to focus on the outcome we needed rather than the friction. I worked closely with my team to figure out the best approach. And it shaped how i approach similar problems now.,There was a time we ended up dividing the work and checking in daily. And i learned a lot from the experience.,A situation I dealt with I tried to focus on the outcome we needed rather than the friction. I worked closely with my team to figure out the best approach. The key was being patient and asking the right questions. And we hit the deadline with time to spare.,A situation I dealt with I had to step back and really think about what mattered most. And in the end the project turned out well.
R_train049,Tell me about a time you had to work through a disagreement with a coworker.,Describe a project where you went above and beyond what was expected.,Tell me about a time you received critical feedback and what you did with it.,Walk me through a situation where you had to learn something new under time pressure.,Tell me about a time you helped a colleague or teammate succeed.,A situation I dealt with I had to step back and really think about what mattered most. And it shaped how i approach similar problems now.,One example that comes to mind I worked closely with my team to figure out the best approach. And we hit the deadline with time to spare.,I remember a project I worked closely with my team to figure out the best approach. I worked closely with my team to figure out the best approach. I worked closely with my team to figure out the best approach. And in the end the project turned out well.,I remember a project I leaned on what I'd learned in school and from previous roles. I worked closely with my team to figure out the best approach. I leaned on what i'd learned in school and from previous roles. And we hit the deadline with time to spare.,There was a time I had to step back and really think about what mattered most. And i learned a lot from the experience.
R_train050,Tell me about a time you had to work through a disagreement with a coworker.,Describe a project where you went above and beyond what was expected.,Tell me about a time you received critical feedback and what you did with it.,Walk me through a situation where you had to learn something new under time pressure.,Tell me about a time you helped a colleague or teammate succeed.,A situation I dealt with I had to step back and really think about what mattered most. The key was being patient and asking the right questions. And i think the team came out stronger because of it.,There was a time I leaned on what I'd learned in school and from previous roles. And in the end the project turned out well.,One example that comes to mind I leaned on what I'd learned in school and from previous roles. And i learned a lot from the experience.,There was a time I leaned on what I'd learned in school and from previous roles. The key was being patient and asking the right questions. We ended up dividing the work and checking in daily. And i learned a lot from the experience.,One example that comes to mind I tried to focus on the outcome we needed rather than the friction. And it shaped how i approach similar problems now.
R_train051,Tell me about a time you had to work through a disagreement with a coworker.,Describe a project where you went above and beyond what was expected.,Tell me about a time you received critical feedback and what you did with it.,Walk me through a situation where you had to learn something new under time pressure.,Tell me about a time you helped a colleague or teammate succeed.,During my time at I tried to focus on the outcome we needed rather than the friction. I tried to focus on the outcome we needed rather than the friction. And it shaped how i approach similar problems now.,I remember a project I had to step back and really think about what mattered most. We ended up dividing the work and checking in daily. And it shaped how i approach similar problems now.,During my time at I had to step back and really think about what mattered most. And i think the team came out stronger because of it.,There was a time the key was being patient and asking the right questions. The key was being patient and asking the right questions. I leaned on what i'd learned in school and from previous roles. And i think the team came out stronger because of it.,During my time at I worked closely with my team to figure out the best approach. And it shaped how i approach similar problems now.
R_train052,Tell me about a time you had to work through a disagreement with a coworker.,Describe a project where you went above and beyond what was expected.,Tell me about a time you received critical feedback and what you did with it.,Walk me through a situation where you had to learn something new under time pressure.,Tell me about a time you helped a colleague or teammate succeed.,One example that comes to mind I leaned on what I'd learned in school and from previous roles. I worked closely with my team to figure out the best approach. I had to step back and really think about what mattered most. And in the end the project turned out well.,One example that comes to mind I tried to focus on the outcome we needed rather than the friction. We ended up dividing the work and checking in daily. And i learned a lot from the experience.,There was a time I had to step back and really think about what mattered most. And we hit the deadline with time to spare.,I remember a project I had to step back and really think about what mattered most. The key was being patient and asking the right questions. I had to step back and really think about what mattered most. And it shaped how i approach similar problems now.,I remember a project I worked closely with my team to figure out the best approach. And in the end the project turned out well.
R_train053,Tell me about a time you had to work through a disagreement with a coworker.,Describe a project where you went above and beyond what was expected.,Tell me about a time you received critical feedback and what you did with it.,Walk me through a situation where you had to learn something new under time pressure.,Tell me about a time you helped a colleague or teammate succeed.,I remember a project I leaned on what I'd learned in school and from previous roles. I worked closely with my team to figure out the best approach. And i learned a lot from the experience.,During my time at I tried to focus on the outcome we needed rather than the friction. We ended up dividing the work and checking in daily. We ended up dividing the work and checking in daily. And we hit the deadline with time to spare.,There was a time I tried to focus on the outcome we needed rather than the friction. I leaned on what i'd learned in school and from previous roles. And i think the team came out stronger because of it.,One example that comes to mind I had to step back and really think about what mattered most. And i learned a lot from the experience.,I remember a project we ended up dividing the work and checking in daily. And i think the team came out stronger because of it.
R_train054,Tell me about a time you had to work through a disagreement with a coworker.,Describe a project where you went above and beyond what was expected.,Tell me about a time you received critical feedback and what you did with it.,Walk me through a situation where you had to learn something new under time pressure.,Tell me about a time you helped a colleague or teammate succeed.,During my time at we ended up dividing the work and checking in daily. And in the end the project turned out well.,I remember a project we ended up dividing the work and checking in daily. I tried to focus on the outcome we needed rather than the friction. And i think the team came out stronger because of it.,There was a time I worked closely with my team to figure out the best approach. I had to step back and really think about what mattered most. I worked closely with my team to figure out the best approach. And we hit the deadline with time to spare.,During my time at I leaned on what I'd learned in school and from previous roles. I had to step back and really think about what mattered most. And we hit the deadline with time to spare.,There was a time I had to step back and really think about what mattered most. And we hit the deadline with time to spare.
R_train055,Tell me about a time you had to work through a disagreement with a coworker.,Describe a project where you went above and beyond what was expected.,Tell me about a time you received critical feedback and what you did with it.,Walk me through a situation where you had to learn something new under time pressure.,Tell me about a time you helped a colleague or teammate succeed.,There was a time the key was being patient and asking the right questions. And in the end the project turned out well.,One example that comes to mind I had to step back and really think about what mattered most. And i learned a lot from the experience.,During my time at the key was being patient and asking the right questions. We ended up dividing the work and checking in daily. I tried to focus on the outcome we needed rather than the friction. And we hit the deadline with time to spare.,A situation I dealt with I worked closely with my team to figure out the best approach. And i learned a lot from the experience.,One example that comes to mind I worked closely with my team to figure out the best approach. And i learned a lot from the experience.
R_train056,Tell me about a time you had to work through a disagreement with a coworker.,Describe a project where you went above and beyond what was expected.,Tell me about a time you received critical feedback and what you did with it.,Walk me through a situation where you had to learn something new under time pressure.,Tell me about a time you helped a colleague or teammate succeed.,I remember a project the key was being patient and asking the right questions. The key was being patient and asking the right questions. I worked closely with my team to figure out the best approach. And in the end the project turned out well.,I remember a project the key was being patient and asking the right questions. We ended up dividing the work and checking in daily. I had to step back and really think about what mattered most. And in the end the project turned out well.,During my time at I had to step back and really think about what mattered most. I had to step back and really think about what mattered most. I tried to focus on the outcome we needed rather than the friction. And it shaped how i approach similar problems now.,There was a time the key was being patient and asking the right questions. The key was being patient and asking the right questions. We ended up dividing the work and checking in daily. And i think the team came out stronger because of it.,During my time at I had to step back and really think about what mattered most. And i learned a lot from the experience.
R_train057,Tell me about a time you had to work through a disagreement with a coworker.,Describe a project where you went above and beyond what was expected.,Tell me about a time you received critical feedback and what you did with it.,Walk me through a situation where you had to learn something new under time pressure.,Tell me about a time you helped a colleague or teammate succeed.,There was a time we ended up dividing the work and checking in daily. And we hit the deadline with time to spare.,I remember a project the key was being patient and asking the right questions. I had to step back and really think about what mattered most. And we hit the deadline with time to spare.,A situation I dealt with I worked closely with my team to figure out the best approach. I leaned on what i'd learned in school and from previous roles. And it shaped how i approach similar problems now.,I remember a project I worked closely with my team to figure out the best approach. I tried to focus on the outcome we needed rather than the friction. And it shaped how i approach similar problems now.,During my time at I worked closely with my team to figure out the best approach. And i learned a lot from the experience.
R_train058,Tell me about a time you had to work through a disagreement with a coworker.,Describe a project where you went above and beyond what was expected.,Tell me about a time you received critical feedback and what you did with it.,Walk me through a situation where you had to learn something new under time pressure.,Tell me about a time you helped a colleague or teammate succeed.,One example that comes to mind I leaned on what I'd learned in school and from previous roles. And i learned a lot from the experience.,I remember a project I worked closely with my team to figure out the best approach. We ended up dividing the work and checking in daily. And in the end the project turned out well.,One example that comes to mind we ended up dividing the work and checking in daily. I had to step back and really think about what mattered most. And i learned a lot from the experience.,During my time at I tried to focus on the outcome we needed rather than the friction. I leaned on what i'd learned in school and from previous roles. And in the end the project turned out well.,There was a time we ended up dividing the work and checking in daily. And in the end the project turned out well.
R_train059,Tell me about a time you had to work through a disagreement with a coworker.,Describe a project where you went above and beyond what was expected.,Tell me about a time you received critical feedback and what you did with it.,Walk me through a situation where you had to learn something new under time pressure.,Tell me about a time you helped a colleague or teammate succeed.,A situation I dealt with the key was being patient and asking the right questions. I worked closely with my team to figure out the best approach. I tried to focus on the outcome we needed rather than the friction. And we hit the deadline with time to spare.,There was a time I leaned on what I'd learned in school and from previous roles. The key was being patient and asking the right questions. I leaned on what i'd learned in school and from previous roles. And we hit the deadline with time to spare.,One example that comes to mind I worked closely with my team to figure out the best approach. We ended up dividing the work and checking in daily. And i learned a lot from the experience.,During my time at I worked closely with my team to figure out the best approach. I worked closely with my team to figure out the best approach. And i think the team came out stronger because of it.,There was a time we ended up dividing the work and checking in daily. And i think the team came out stronger because of it.
R_train060,Tell me about a time you had to work through a disagreement with a coworker.,Describe a project where you went above and beyond what was expected.,Tell me about a time you received critical feedback and what you did with it.,Walk me through a situation where you had to learn something new under time pressure.,Tell me about a time you helped a colleague or teammate succeed.,During my time at I worked closely with my team to figure out the best approach. The key was being patient and asking the right questions. We ended up dividing the work and checking in daily. And in the end the project turned out well.,A situation I dealt with I leaned on what I'd learned in school and from previous roles. We ended up dividing the work and checking in daily. I tried to focus on the outcome we needed rather than the friction. And i learned a lot from the experience.,I remember a project I worked closely with my team to figure out the best approach. I worked closely with my team to figure out the best approach. I leaned on what i'd learned in school and from previous roles. And we hit the deadline with time to spare.,A situation I dealt with I had to step back and really think about what mattered most. I worked closely with my team to figure out the best approach. And i think the team came out stronger because of it.,A situation I dealt with I leaned on what I'd learned in school and from previous roles. And in the end the project turned out well.
R_train061,Tell me about a time you had to work through a disagreement with a coworker.,Describe a project where you went above and beyond what was expected.,Tell me about a time you received critical feedback and what you did with it.,Walk me through a situation where you had to learn something new under time pressure.,Tell me about a time you helped a colleague or teammate succeed.,During my time at I leaned on what I'd learned in school and from previous roles. And it shaped how i approach similar problems now.,I remember a project I had to step back and really think about what mattered most. I leaned on what i'd learned in school and from previous roles. And i learned a lot from the experience.,A situation I dealt with I tried to focus on the outcome we needed rather than the friction. I worked closely with my team to figure out the best approach. And i learned a lot from the experience.,During my time at the key was being patient and asking the right questions. The key was being patient and asking the right questions. I leaned on what i'd learned in school and from previous roles. And in the end the project turned out well.,I remember a project we ended up dividing the work and checking in daily. And it shaped how i approach similar problems now.
R_train062,Tell me about a time you had to work through a disagreement with a coworker.,Describe a project where you went above and beyond what was expected.,Tell me about a time you received critical feedback and what you did with it.,Walk me through a situation where you had to learn something new under time pressure.,Tell me about a time you helped a colleague or teammate succeed.,There was a time I tried to focus on the outcome we needed rather than the friction. I had to step back and really think about what mattered most. And in the end the project turned out well.,One example that comes to mind I had to step back and really think about what mattered most. I had to step back and really think about what mattered most. And it shaped how i approach similar problems now.,I remember a project I leaned on what I'd learned in school and from previous roles. I had to step back and really think about what mattered most. And i learned a lot from the experience.,During my time at I had to step back and really think about what mattered most. And i think the team came out stronger because of it.,A situation I dealt with I worked closely with my team to figure out the best approach. And i learned a lot from the experience.
R_train063,Tell me about a time you had to work through a disagreement with a coworker.,Describe a project where you went above and beyond what was expected.,Tell me about a time you received critical feedback and what you did with it.,Walk me through a situation where you had to learn something new under time pressure.,Tell me about a time you helped a colleague or teammate succeed.,During my time at I leaned on what I'd learned in school and from previous roles. And i think the team came out stronger because of it.,I remember a project the key was being patient and asking the right questions. And in the end the project turned out well.,A situation I dealt with I leaned on what I'd learned in school and from previous roles. And in the end the project turned out well.,A situation I dealt with we ended up dividing the work and checking in daily. And i think the team came out stronger because of it.,There was a time I had to step back and really think about what mattered most. And we hit the deadline with time to spare.
R_train064,Tell me about a time you had to work through a disagreement with a coworker.,Describe a project where you went above and beyond what was expected.,Tell me about a time you received critical feedback and what you did with it.,Walk me through a situation where you had to learn something new under time pressure.,Tell me about a time you helped a colleague or teammate succeed.,A situation I dealt with I leaned on what I'd learned in school and from previous roles. And i learned a lot from the experience.,One example that comes to mind I tried to focus on the outcome we needed rather than the friction. And we hit the deadline with time to spare.,There was a time I worked closely with my team to figure out the best approach. I had to step back and really think about what mattered most. And in the end the project turned out well.,A situation I dealt with I tried to focus on the outcome we needed rather than the friction. I had to step back and really think about what mattered most. The key was being patient and asking the right questions. And we hit the deadline with time to spare.,There was a time I had to step back and really think about what mattered most. And in the end the project turned out well.
R_train065,Tell me about a time you had to work through a disagreement with a coworker.,Describe a project where you went above and beyond what was expected.,Tell me about a time you received critical feedback and what you did with it.,Walk me through a situation where you had to learn something new under time pressure.,Tell me about a time you helped a colleague or teammate succeed.,I remember a project I had to step back and really think about what mattered most. I leaned on what i'd learned in school and from previous roles. And i think the team came out stronger because of it.,There was a time I worked closely with my team to figure out the best approach. We ended up dividing the work and checking in daily. I tried to focus on the outcome we needed rather than the friction. And in the end the project turned out well.,One example that comes to mind the key was being patient and asking the right questions. The key was being patient and asking the right questions. I leaned on what i'd learned in school and from previous roles. And in the end the project turned out well.,A situation I dealt with I worked closely with my team to figure out the best approach. I worked closely with my team to figure out the best approach. And i learned a lot from the experience.,I remember a project I leaned on what I'd learned in school and from previous roles. And i learned a lot from the experience.
R_train066,Tell me about a time you had to work through a disagreement with a coworker.,Describe a project where you went above and beyond what was expected.,Tell me about a time you received critical feedback and what you did with it.,Walk me through a situation where you had to learn something new under time pressure.,Tell me about a time you helped a colleague or teammate succeed.,I remember a project I had to step back and really think about what mattered most. And it shaped how i approach similar problems now.,There was a time we ended up dividing the work and checking in daily. I tried to focus on the outcome we needed rather than the friction. And it shaped how i approach similar problems now.,I remember a project I had to step back and really think about what mattered most. And i think the team came out stronger because of it.,One example that comes to mind the key was being patient and asking the right questions. I worked closely with my team to figure out the best approach. And i learned a lot from the experience.,A situation I dealt with I tried to focus on the outcome we needed rather than the friction. And i learned a lot from the experience.
R_train067,Tell me about a time you had to work through a disagreement with a coworker.,Describe a project where you went above and beyond what was expected.,Tell me about a time you received critical feedback and what you did with it.,Walk me through a situation where you had to learn something new under time pressure.,Tell me about a time you helped a colleague or teammate succeed.,There was a time I worked closely with my team to figure out the best approach. And it shaped how i approach similar problems now.,During my time at we ended up dividing the work and checking in daily. And i learned a lot from the experience.,I remember a project we ended up dividing the work and checking in daily. I worked closely with my team to figure out the best approach. I had to step back and really think about what mattered most. And in the end the project turned out well.,I remember a project I had to step back and really think about what mattered most. The key was being patient and asking the right questions. The key was being patient and asking the right questions. And in the end the project turned out well.,A situation I dealt with I leaned on what I'd learned in school and from previous roles. And i think the team came out stronger because of it.
R_train068,Tell me about a time you had to work through a disagreement with a coworker.,Describe a project where you went above and beyond what was expected.,Tell me about a time you received critical feedback and what you did with it.,Walk me through a situation where you had to learn something new under time pressure.,Tell me about a time you helped a colleague or teammate succeed.,I remember a project I tried to focus on the outcome we needed rather than the friction. The key was being patient and asking the right questions. We ended up dividing the work and checking in daily. And it shaped how i approach similar problems now.,One example that comes to mind I leaned on what I'd learned in school and from previous roles. And i learned a lot from the experience.,A situation I dealt with I tried to focus on the outcome we needed rather than the friction. We ended up dividing the work and checking in daily. And in the end the project turned out well.,There was a time I worked closely with my team to figure out the best approach. And i think the team came out stronger because of it.,One example that comes to mind I worked closely with my team to figure out the best approach. And i learned a lot from the experience.
R_train069,Tell me about a time you had to work through a disagreement with a coworker.,Describe a project where you went above and beyond what was expected.,Tell me about a time you received critical feedback and what you did with it.,Walk me through a situation where you had to learn something new under time pressure.,Tell me about a time you helped a colleague or teammate succeed.,There was a time I tried to focus on the outcome we needed rather than the friction. I worked closely with my team to figure out the best approach. I tried to focus on the outcome we needed rather than the friction. And it shaped how i approach similar problems now.,I remember a project I leaned on what I'd learned in school and from previous roles. And i learned a lot from the experience.,I remember a project I had to step back and really think about what mattered most. I tried to focus on the outcome we needed rather than the friction. The key was being patient and asking the right questions. And it shaped how i approach similar problems now.,I remember a project I had to step back and really think about what mattered most. And we hit the deadline with time to spare.,I remember a project I tried to focus on the outcome we needed rather than the friction. And it shaped how i approach similar problems now.
R_train070,Tell me about a time you had to work through a disagreement with a coworker.,Describe a project where you went above and beyond what was expected.,Tell me about a time you received critical feedback and what you did with it.,Walk me through a situation where you had to learn something new under time pressure.,Tell me about a time you helped a colleague or teammate succeed.,I remember a project we ended up dividing the work and checking in daily. And we hit the deadline with time to spare.,During my time at the key was being patient and asking the right questions. I worked closely with my team to figure out the best approach. And i learned a lot from the experience.,One example that comes to mind I tried to focus on the outcome we needed rather than the friction. I had to step back and really think about what mattered most. We ended up dividing the work and checking in daily. And it shaped how i approach similar problems now.,There was a time I leaned on what I'd learned in school and from previous roles. And in the end the project turned out well.,There was a time I worked closely with my team to figure out the best approach. And i think the team came out stronger because of it.
R_train071,Tell me about a time you had to work through a disagreement with a coworker.,Describe a project where you went above and beyond what was expected.,Tell me about a time you received critical feedback and what you did with it.,Walk me through a situation where you had to learn something new under time pressure.,Tell me about a time you helped a colleague or teammate succeed.,A situation I dealt with I tried to focus on the outcome we needed rather than the friction. I leaned on what i'd learned in school and from previous roles. And i think the team came out stronger because of it.,One example that comes to mind I worked closely with my team to figure out the best approach. And i think the team came out stronger because of it.,One example that comes to mind I worked closely with my team to figure out the best approach. I leaned on what i'd learned in school and from previous roles. And we hit the deadline with time to spare.,One example that comes to mind I worked closely with my team to figure out the best approach. And i think the team came out stronger because of it.,There was a time I had to step back and really think about what mattered most. And it shaped how i approach similar problems now.
R_train072,Tell me about a time you had to work through a disagreement with a coworker.,Describe a project where you went above and beyond what was expected.,Tell me about a time you received critical feedback and what you did with it.,Walk me through a situation where you had to learn something new under time pressure.,Tell me about a time you helped a colleague or teammate succeed.,A situation I dealt with we ended up dividing the work and checking in daily. And i learned a lot from the experience.,One example that comes to mind I leaned on what I'd learned in school and from previous roles. The key was being patient and asking the right questions. And i think the team came out stronger because of it.,One example that comes to mind I had to step back and really think about what mattered most. I tried to focus on the outcome we needed rather than the friction. I worked closely with my team to figure out the best approach. And we hit the deadline with time to spare.,A situation I dealt with I tried to focus on the outcome we needed rather than the friction. I had to step back and really think about what mattered most. And i think the team came out stronger because of it.,One example that comes to mind I worked closely with my team to figure out the best approach. And it shaped how i approach similar problems now.
R_train073,Tell me about a time you had to work through a disagreement with a coworker.,Describe a project where you went above and beyond what was expected.,Tell me about a time you received critical feedback and what you did with it.,Walk me through a situation where you had to learn something new under time pressure.,Tell me about a time you helped a colleague or teammate succeed.,A situation I dealt with I leaned on what I'd learned in school and from previous roles. And in the end the project turned out well.,There was a time I worked closely with my team to figure out the best approach. I tried to focus on the outcome we needed rather than the friction. We ended up dividing the work and checking in daily. And in the end the project turned out well.,A situation I dealt with I had to step back and really think about what mattered most. I worked closely with my team to figure out the best approach. And i learned a lot from the experience.,There was a time the key was being patient and asking the right questions. And in the end the project turned out well.,During my time at I worked closely with my team to figure out the best approach. And i think the team came out stronger because of it.
R_train074,Tell me about a time you had to work through a disagreement with a coworker.,Describe a project where you went above and beyond what was expected.,Tell me about a time you received critical feedback and what you did with it.,Walk me through a situation where you had to learn something new under time pressure.,Tell me about a time you helped a colleague or teammate succeed.,During my time at I leaned on what I'd learned in school and from previous roles. And i think the team came out stronger because of it.,During my time at I tried to focus on the outcome we needed rather than the friction. I had to step back and really think about what mattered most. I leaned on what i'd learned in school and from previous roles. And i think the team came out stronger because of it.,I remember a project we ended up dividing the work and checking in daily. I leaned on what i'd learned in school and from previous roles. And in the end the project turned out well.,A situation I dealt with we ended up dividing the work and checking in daily. And in the end the project turned out well.,A situation I dealt with I had to step back and really think about what mattered most. And i think the team came out stronger because of it.
R_train075,Tell me about a time you had to work through a disagreement with a coworker.,Describe a project where you went above and beyond what was expected.,Tell me about a time you received critical feedback and what you did with it.,Walk me through a situation where you had to learn something new under time pressure.,Tell me about a time you helped a colleague or teammate succeed.,There was a time the key was being patient and asking the right questions. I worked closely with my team to figure out the best approach. And in the end the project turned out well.,A situation I dealt with I worked closely with my team to figure out the best approach. And we hit the deadline with time to spare.,A situation I dealt with I leaned on what I'd learned in school and from previous roles. I worked closely with my team to figure out the best approach. I leaned on what i'd learned in school and from previous roles. And i think the team came out stronger because of it.,During my time at I worked closely with my team to figure out the best approach. And in the end the project turned out well.,One example that comes to mind I tried to focus on the outcome we needed rather than the friction. And we hit the deadline with time to spare.
R_train076,Tell me about a time you had to work through a disagreement with a coworker.,Describe a project where you went above and beyond what was expected.,Tell me about a time you received critical feedback and what you did with it.,Walk me through a situation where you had to learn something new under time pressure.,Tell me about a time you helped a colleague or teammate succeed.,A situation I dealt with I had to step back and really think about what mattered most. The key was being patient and asking the right questions. And in the end the project turned out well.,A situation I dealt with the key was being patient and asking the right questions. I tried to focus on the outcome we needed rather than the friction. I worked closely with my team to figure out the best approach. And in the end the project turned out well.,A situation I dealt with I leaned on what I'd learned in school and from previous roles. I leaned on what i'd learned in school and from previous roles. I worked closely with my team to figure out the best approach. And it shaped how i approach similar problems now.,One example that comes to mind I had to step back and really think about what mattered most. I had to step back and really think about what mattered most. And i learned a lot from the experience.,During my time at I tried to focus on the outcome we needed rather than the friction. And it shaped how i approach similar problems now.
R_train077,Tell me about a time you had to work through a disagreement with a coworker.,Describe a project where you went above and beyond what was expected.,Tell me about a time you received critical feedback and what you did with it.,Walk me through a situation where you had to learn something new under time pressure.,Tell me about a time you helped a colleague or teammate succeed.,One example that comes to mind I worked closely with my team to figure out the best approach. I worked closely with my team to figure out the best approach. And we hit the deadline with time to spare.,There was a time I leaned on what I'd learned in school and from previous roles. And in the end the project turned out well.,I remember a project I tried to focus on the outcome we needed rather than the friction. The key was being patient and asking the right questions. I tried to focus on the outcome we needed rather than the friction. And it shaped how i approach similar problems now.,I remember a project I leaned on what I'd learned in school and from previous roles. I worked closely with my team to figure out the best approach. And we hit the deadline with time to spare.,One example that comes to mind we ended up dividing the work and checking in daily. And i think the team came out stronger because of it.
R_train078,Tell me about a time you had to work through a disagreement with a coworker.,Describe a project where you went above and beyond what was expected.,Tell me about a time you received critical feedback and what you did with it.,Walk me through a situation where you had to learn something new under time pressure.,Tell me about a time you helped a colleague or teammate succeed.,One example that comes to mind I worked closely with my team to figure out the best approach. I worked closely with my team to figure out the best approach. And it shaped how i approach similar problems now.,I remember a project the key was being patient and asking the right questions. I worked closely with my team to figure out the best approach. And in the end the project turned out well.,I remember a project we ended up dividing the work and checking in daily. And it shaped how i approach similar problems now.,I remember a project I leaned on what I'd learned in school and from previous roles. We ended up dividing the work and checking in daily. And i learned a lot from the experience.,I remember a project I tried to focus on the outcome we needed rather than the friction. And we hit the deadline with time to spare.
R_train079,Tell me about a time you had to work through a disagreement with a coworker.,Describe a project where you went above and beyond what was expected.,Tell me about a time you received critical feedback and what you did with it.,Walk me through a situation where you had to learn something new under time pressure.,Tell me about a time you helped a colleague or teammate succeed.,A situation I dealt with the key was being patient and asking the right questions. I had to step back and really think about what mattered most. The key was being patient and asking the right questions. And in the end the project turned out well.,There was a time the key was being patient and asking the right questions. I tried to focus on the outcome we needed rather than the friction. I leaned on what i'd learned in school and from previous roles. And we hit the deadline with time to spare.,One example that comes to mind I leaned on what I'd learned in school and from previous roles. The key was being patient and asking the right questions. And it shaped how i approach similar problems now.,I remember a project I leaned on what I'd learned in school and from previous roles. And in the end the project turned out well.,I remember a project I had to step back and really think about what mattered most. And we hit the deadline with time to spare.
R_train080,Tell me about a time you had to work through a disagreement with a coworker.,Describe a project where you went above and beyond what was expected.,Tell me about a time you received critical feedback and what you did with it.,Walk me through a situation where you had to learn something new under time pressure.,Tell me about a time you helped a colleague or teammate succeed.,One example that comes to mind I worked closely with my team to figure out the best approach. The key was being patient and asking the right questions. And it shaped how i approach similar problems now.,One example that comes to mind I leaned on what I'd learned in school and from previous roles. I leaned on what i'd learned in school and from previous roles. The key was being patient and asking the right questions. And in the end the project turned out well.,A situation I dealt with I had to step back and really think about what mattered most. I leaned on what i'd learned in school and from previous roles. And we hit the deadline with time to spare.,One example that comes to mind I had to step back and really think about what mattered most. I tried to focus on the outcome we needed rather than the friction. And we hit the deadline with time to spare.,During my time at I tried to focus on the outcome we needed rather than the friction. And i think the team came out stronger because of it.
